Hotel id,City,Stars,Room id,Price,Room Type,Details,Rating
Albergo Marisa,Barcelona,3,RO_0000_000,88,Double,"Central Station, Rome - 1.9 km - Metro access -",7.4
Albergo Marisa,Barcelona,3,RO_0000_001,88,Double,"Central Station, Rome - 1.9 km - Metro access -",7.4
Albergo Marisa,Barcelona,3,RO_0000_002,88,Double,"Central Station, Rome - 1.9 km - Metro access -",7.4
Albergo Marisa,Barcelona,3,RO_0000_003,88,Double,"Central Station, Rome - 1.9 km - Metro access -",7.4
Albergo Marisa,Barcelona,3,RO_0000_004,88,Double,"Central Station, Rome - 1.9 km - Metro access -",7.4
Albergo Marisa,Barcelona,3,RO_0000_005,88,Double,"Central Station, Rome - 1.9 km - Metro access -",7.4
Albergo Marisa,Barcelona,3,RO_0000_006,88,Double,"Central Station, Rome - 1.9 km - Metro access -",7.4
Albergo Marisa,Barcelona,3,RO_0000_007,88,Double,"Central Station, Rome - 1.9 km - Metro access -",7.4
Albergo Marisa,Barcelona,3,RO_0000_008,88,Double,"Central Station, Rome - 1.9 km - Metro access -",7.4
Albergo Marisa,Barcelona,3,RO_0000_009,88,Double,"Central Station, Rome - 1.9 km - Metro access -",7.4
Albergo Marisa,Barcelona,3,RO_0000_010,88,Double,"Central Station, Rome - 1.9 km - Metro access -",7.4
Albergo Marisa,Barcelona,3,RO_0000_011,88,Double,"Central Station, Rome - 1.9 km - Metro access -",7.4
Albergo Marisa,Barcelona,3,RO_0000_012,88,Double,"Central Station, Rome - 1.9 km - Metro access -",7.4
Albergo Marisa,Barcelona,3,RO_0000_013,88,Double,"Central Station, Rome - 1.9 km - Metro access -",7.4
Albergo Marisa,Barcelona,3,RO_0000_014,60,Single,"Central Station, Rome - 1.9 km - Metro access -",7.4
Albergo Marisa,Barcelona,3,RO_0000_015,60,Single,"Central Station, Rome - 1.9 km - Metro access -",7.4
Albergo Marisa,Barcelona,3,RO_0000_016,60,Single,"Central Station, Rome - 1.9 km - Metro access -",7.4
Albergo Marisa,Barcelona,3,RO_0000_017,60,Single,"Central Station, Rome - 1.9 km - Metro access -",7.4
Albergo Marisa,Barcelona,3,RO_0000_018,60,Single,"Central Station, Rome - 1.9 km - Metro access -",7.4
Albergo Marisa,Barcelona,3,RO_0000_019,60,Single,"Central Station, Rome - 1.9 km - Metro access -",7.4
Albergo Marisa,Barcelona,3,RO_0000_020,60,Single,"Central Station, Rome - 1.9 km - Metro access -",7.4
Albergo Marisa,Barcelona,3,RO_0000_021,60,Single,"Central Station, Rome - 1.9 km - Metro access -",7.4
Albergo Marisa,Barcelona,3,RO_0000_022,60,Single,"Central Station, Rome - 1.9 km - Metro access -",7.4
Albergo Marisa,Barcelona,3,RO_0000_023,60,Single,"Central Station, Rome - 1.9 km - Metro access -",7.4
Albergo Marisa,Barcelona,3,RO_0000_024,60,Single,"Central Station, Rome - 1.9 km - Metro access -",7.4
Albergo Marisa,Barcelona,3,RO_0000_025,60,Single,"Central Station, Rome - 1.9 km - Metro access -",7.4
Albergo Marisa,Barcelona,3,RO_0000_026,60,Single,"Central Station, Rome - 1.9 km - Metro access -",7.4
Albergo Marisa,Barcelona,3,RO_0000_027,60,Single,"Central Station, Rome - 1.9 km - Metro access -",7.4
B&B Hotel Roma Pietralata Tiburtina,Barcelona,3,RO_0001_000,67,Double,"Tiburtino, Rome - 6.3 km - Metro access -",8.7
B&B Hotel Roma Pietralata Tiburtina,Barcelona,3,RO_0001_001,67,Double,"Tiburtino, Rome - 6.3 km - Metro access -",8.7
B&B Hotel Roma Pietralata Tiburtina,Barcelona,3,RO_0001_002,67,Double,"Tiburtino, Rome - 6.3 km - Metro access -",8.7
B&B Hotel Roma Pietralata Tiburtina,Barcelona,3,RO_0001_003,67,Double,"Tiburtino, Rome - 6.3 km - Metro access -",8.7
B&B Hotel Roma Pietralata Tiburtina,Barcelona,3,RO_0001_004,67,Double,"Tiburtino, Rome - 6.3 km - Metro access -",8.7
B&B Hotel Roma Pietralata Tiburtina,Barcelona,3,RO_0001_005,67,Double,"Tiburtino, Rome - 6.3 km - Metro access -",8.7
B&B Hotel Roma Pietralata Tiburtina,Barcelona,3,RO_0001_006,67,Double,"Tiburtino, Rome - 6.3 km - Metro access -",8.7
B&B Hotel Roma Pietralata Tiburtina,Barcelona,3,RO_0001_007,67,Double,"Tiburtino, Rome - 6.3 km - Metro access -",8.7
B&B Hotel Roma Pietralata Tiburtina,Barcelona,3,RO_0001_008,67,Double,"Tiburtino, Rome - 6.3 km - Metro access -",8.7
B&B Hotel Roma Pietralata Tiburtina,Barcelona,3,RO_0001_009,67,Double,"Tiburtino, Rome - 6.3 km - Metro access -",8.7
B&B Hotel Roma Pietralata Tiburtina,Barcelona,3,RO_0001_010,67,Double,"Tiburtino, Rome - 6.3 km - Metro access -",8.7
B&B Hotel Roma Pietralata Tiburtina,Barcelona,3,RO_0001_011,67,Double,"Tiburtino, Rome - 6.3 km - Metro access -",8.7
B&B Hotel Roma Pietralata Tiburtina,Barcelona,3,RO_0001_012,67,Double,"Tiburtino, Rome - 6.3 km - Metro access -",8.7
B&B Hotel Roma Pietralata Tiburtina,Barcelona,3,RO_0001_013,95,Triple,"Tiburtino, Rome - 6.3 km - Metro access -",8.7
B&B Hotel Roma Pietralata Tiburtina,Barcelona,3,RO_0001_014,95,Triple,"Tiburtino, Rome - 6.3 km - Metro access -",8.7
B&B Hotel Roma Pietralata Tiburtina,Barcelona,3,RO_0001_015,95,Triple,"Tiburtino, Rome - 6.3 km - Metro access -",8.7
B&B Hotel Roma Pietralata Tiburtina,Barcelona,3,RO_0001_016,95,Triple,"Tiburtino, Rome - 6.3 km - Metro access -",8.7
B&B Hotel Roma Pietralata Tiburtina,Barcelona,3,RO_0001_017,95,Triple,"Tiburtino, Rome - 6.3 km - Metro access -",8.7
B&B Hotel Roma Pietralata Tiburtina,Barcelona,3,RO_0001_018,95,Triple,"Tiburtino, Rome - 6.3 km - Metro access -",8.7
B&B Hotel Roma Pietralata Tiburtina,Barcelona,3,RO_0001_019,95,Triple,"Tiburtino, Rome - 6.3 km - Metro access -",8.7
B&B Hotel Roma Pietralata Tiburtina,Barcelona,3,RO_0001_020,95,Triple,"Tiburtino, Rome - 6.3 km - Metro access -",8.7
B&B Hotel Roma Pietralata Tiburtina,Barcelona,3,RO_0001_021,95,Triple,"Tiburtino, Rome - 6.3 km - Metro access -",8.7
B&B Hotel Roma Pietralata Tiburtina,Barcelona,3,RO_0001_022,95,Triple,"Tiburtino, Rome - 6.3 km - Metro access -",8.7
B&B Hotel Roma Pietralata Tiburtina,Barcelona,3,RO_0001_023,95,Triple,"Tiburtino, Rome - 6.3 km - Metro access -",8.7
B&B Hotel Roma Pietralata Tiburtina,Barcelona,3,RO_0001_024,95,Triple,"Tiburtino, Rome - 6.3 km - Metro access -",8.7
B&B Hotel Roma San Lorenzo Termini,Barcelona,3,RO_0002_000,85,Double,"San Lorenzo, Rome - 3 km -",8.9
B&B Hotel Roma San Lorenzo Termini,Barcelona,3,RO_0002_001,85,Double,"San Lorenzo, Rome - 3 km -",8.9
B&B Hotel Roma San Lorenzo Termini,Barcelona,3,RO_0002_002,85,Double,"San Lorenzo, Rome - 3 km -",8.9
B&B Hotel Roma San Lorenzo Termini,Barcelona,3,RO_0002_003,85,Double,"San Lorenzo, Rome - 3 km -",8.9
B&B Hotel Roma San Lorenzo Termini,Barcelona,3,RO_0002_004,85,Double,"San Lorenzo, Rome - 3 km -",8.9
B&B Hotel Roma San Lorenzo Termini,Barcelona,3,RO_0002_005,85,Double,"San Lorenzo, Rome - 3 km -",8.9
B&B Hotel Roma San Lorenzo Termini,Barcelona,3,RO_0002_006,85,Double,"San Lorenzo, Rome - 3 km -",8.9
B&B Hotel Roma San Lorenzo Termini,Barcelona,3,RO_0002_007,85,Double,"San Lorenzo, Rome - 3 km -",8.9
B&B Hotel Roma San Lorenzo Termini,Barcelona,3,RO_0002_008,85,Double,"San Lorenzo, Rome - 3 km -",8.9
B&B Hotel Roma San Lorenzo Termini,Barcelona,3,RO_0002_009,85,Double,"San Lorenzo, Rome - 3 km -",8.9
B&B Hotel Roma San Lorenzo Termini,Barcelona,3,RO_0002_010,85,Double,"San Lorenzo, Rome - 3 km -",8.9
B&B Hotel Roma San Lorenzo Termini,Barcelona,3,RO_0002_011,85,Double,"San Lorenzo, Rome - 3 km -",8.9
B&B Hotel Roma San Lorenzo Termini,Barcelona,3,RO_0002_012,70,Single,"San Lorenzo, Rome - 3 km -",8.9
B&B Hotel Roma San Lorenzo Termini,Barcelona,3,RO_0002_013,70,Single,"San Lorenzo, Rome - 3 km -",8.9
B&B Hotel Roma San Lorenzo Termini,Barcelona,3,RO_0002_014,70,Single,"San Lorenzo, Rome - 3 km -",8.9
B&B Hotel Roma San Lorenzo Termini,Barcelona,3,RO_0002_015,70,Single,"San Lorenzo, Rome - 3 km -",8.9
B&B Hotel Roma San Lorenzo Termini,Barcelona,3,RO_0002_016,70,Single,"San Lorenzo, Rome - 3 km -",8.9
B&B Hotel Roma San Lorenzo Termini,Barcelona,3,RO_0002_017,70,Single,"San Lorenzo, Rome - 3 km -",8.9
B&B Hotel Roma San Lorenzo Termini,Barcelona,3,RO_0002_018,70,Single,"San Lorenzo, Rome - 3 km -",8.9
B&B Hotel Roma San Lorenzo Termini,Barcelona,3,RO_0002_019,70,Single,"San Lorenzo, Rome - 3 km -",8.9
B&B Hotel Roma San Lorenzo Termini,Barcelona,3,RO_0002_020,70,Single,"San Lorenzo, Rome - 3 km -",8.9
B&B Hotel Roma San Lorenzo Termini,Barcelona,3,RO_0002_021,70,Single,"San Lorenzo, Rome - 3 km -",8.9
B&B Hotel Roma San Lorenzo Termini,Barcelona,3,RO_0002_022,70,Single,"San Lorenzo, Rome - 3 km -",8.9
B&B Hotel Roma San Lorenzo Termini,Barcelona,3,RO_0002_023,70,Single,"San Lorenzo, Rome - 3 km -",8.9
B&B Hotel Roma San Lorenzo Termini,Barcelona,3,RO_0002_024,70,Single,"San Lorenzo, Rome - 3 km -",8.9
BB Hotels Smarthotel Bailey's,Barcelona,4,RO_0003_000,137,Suite,"Via Veneto, Rome - 1.7 km - Metro access -",9.3
BB Hotels Smarthotel Bailey's,Barcelona,4,RO_0003_001,137,Suite,"Via Veneto, Rome - 1.7 km - Metro access -",9.3
BB Hotels Smarthotel Bailey's,Barcelona,4,RO_0003_002,137,Suite,"Via Veneto, Rome - 1.7 km - Metro access -",9.3
BB Hotels Smarthotel Bailey's,Barcelona,4,RO_0003_003,137,Suite,"Via Veneto, Rome - 1.7 km - Metro access -",9.3
BB Hotels Smarthotel Bailey's,Barcelona,4,RO_0003_004,137,Suite,"Via Veneto, Rome - 1.7 km - Metro access -",9.3
BB Hotels Smarthotel Bailey's,Barcelona,4,RO_0003_005,137,Suite,"Via Veneto, Rome - 1.7 km - Metro access -",9.3
BB Hotels Smarthotel Bailey's,Barcelona,4,RO_0003_006,137,Suite,"Via Veneto, Rome - 1.7 km - Metro access -",9.3
BB Hotels Smarthotel Bailey's,Barcelona,4,RO_0003_007,137,Suite,"Via Veneto, Rome - 1.7 km - Metro access -",9.3
BB Hotels Smarthotel Bailey's,Barcelona,4,RO_0003_008,137,Suite,"Via Veneto, Rome - 1.7 km - Metro access -",9.3
BB Hotels Smarthotel Bailey's,Barcelona,4,RO_0003_009,137,Suite,"Via Veneto, Rome - 1.7 km - Metro access -",9.3
BB Hotels Smarthotel Bailey's,Barcelona,4,RO_0003_010,137,Suite,"Via Veneto, Rome - 1.7 km - Metro access -",9.3
Best Western Ars Hotel,Barcelona,4,RO_0004_000,90,Double,"Monte Sacro, Rome - 6.2 km -",8.0
Best Western Ars Hotel,Barcelona,4,RO_0004_001,90,Double,"Monte Sacro, Rome - 6.2 km -",8.0
Best Western Ars Hotel,Barcelona,4,RO_0004_002,90,Double,"Monte Sacro, Rome - 6.2 km -",8.0
Best Western Ars Hotel,Barcelona,4,RO_0004_003,90,Double,"Monte Sacro, Rome - 6.2 km -",8.0
Best Western Ars Hotel,Barcelona,4,RO_0004_004,90,Double,"Monte Sacro, Rome - 6.2 km -",8.0
Best Western Ars Hotel,Barcelona,4,RO_0004_005,90,Double,"Monte Sacro, Rome - 6.2 km -",8.0
Best Western Ars Hotel,Barcelona,4,RO_0004_006,90,Double,"Monte Sacro, Rome - 6.2 km -",8.0
Best Western Ars Hotel,Barcelona,4,RO_0004_007,90,Double,"Monte Sacro, Rome - 6.2 km -",8.0
Best Western Ars Hotel,Barcelona,4,RO_0004_008,90,Double,"Monte Sacro, Rome - 6.2 km -",8.0
Best Western Ars Hotel,Barcelona,4,RO_0004_009,90,Double,"Monte Sacro, Rome - 6.2 km -",8.0
Best Western Ars Hotel,Barcelona,4,RO_0004_010,90,Double,"Monte Sacro, Rome - 6.2 km -",8.0
Best Western Ars Hotel,Barcelona,4,RO_0004_011,90,Double,"Monte Sacro, Rome - 6.2 km -",8.0
Best Western Ars Hotel,Barcelona,4,RO_0004_012,90,Double,"Monte Sacro, Rome - 6.2 km -",8.0
Best Western Ars Hotel,Barcelona,4,RO_0004_013,134,Triple,"Monte Sacro, Rome - 6.2 km -",8.0
Best Western Ars Hotel,Barcelona,4,RO_0004_014,134,Triple,"Monte Sacro, Rome - 6.2 km -",8.0
Best Western Ars Hotel,Barcelona,4,RO_0004_015,134,Triple,"Monte Sacro, Rome - 6.2 km -",8.0
Best Western Ars Hotel,Barcelona,4,RO_0004_016,134,Triple,"Monte Sacro, Rome - 6.2 km -",8.0
Best Western Ars Hotel,Barcelona,4,RO_0004_017,134,Triple,"Monte Sacro, Rome - 6.2 km -",8.0
Best Western Ars Hotel,Barcelona,4,RO_0004_018,134,Triple,"Monte Sacro, Rome - 6.2 km -",8.0
Best Western Ars Hotel,Barcelona,4,RO_0004_019,134,Triple,"Monte Sacro, Rome - 6.2 km -",8.0
Best Western Ars Hotel,Barcelona,4,RO_0004_020,134,Triple,"Monte Sacro, Rome - 6.2 km -",8.0
Best Western Ars Hotel,Barcelona,4,RO_0004_021,134,Triple,"Monte Sacro, Rome - 6.2 km -",8.0
Best Western Ars Hotel,Barcelona,4,RO_0004_022,134,Triple,"Monte Sacro, Rome - 6.2 km -",8.0
Best Western Ars Hotel,Barcelona,4,RO_0004_023,134,Triple,"Monte Sacro, Rome - 6.2 km -",8.0
Best Western Ars Hotel,Barcelona,4,RO_0004_024,134,Triple,"Monte Sacro, Rome - 6.2 km -",8.0
Best Western Ars Hotel,Barcelona,4,RO_0004_025,134,Triple,"Monte Sacro, Rome - 6.2 km -",8.0
Best Western Ars Hotel,Barcelona,4,RO_0004_026,134,Triple,"Monte Sacro, Rome - 6.2 km -",8.0
Best Western Hotel Astrid,Barcelona,3,RO_0005_000,107,Double,"Villa Borghese Parioli, Rome - 3.3 km -",8.0
Best Western Hotel Astrid,Barcelona,3,RO_0005_001,107,Double,"Villa Borghese Parioli, Rome - 3.3 km -",8.0
Best Western Hotel Astrid,Barcelona,3,RO_0005_002,107,Double,"Villa Borghese Parioli, Rome - 3.3 km -",8.0
Best Western Hotel Astrid,Barcelona,3,RO_0005_003,107,Double,"Villa Borghese Parioli, Rome - 3.3 km -",8.0
Best Western Hotel Astrid,Barcelona,3,RO_0005_004,107,Double,"Villa Borghese Parioli, Rome - 3.3 km -",8.0
Best Western Hotel Astrid,Barcelona,3,RO_0005_005,107,Double,"Villa Borghese Parioli, Rome - 3.3 km -",8.0
Best Western Hotel Astrid,Barcelona,3,RO_0005_006,107,Double,"Villa Borghese Parioli, Rome - 3.3 km -",8.0
Best Western Hotel Astrid,Barcelona,3,RO_0005_007,107,Double,"Villa Borghese Parioli, Rome - 3.3 km -",8.0
Best Western Hotel Astrid,Barcelona,3,RO_0005_008,107,Double,"Villa Borghese Parioli, Rome - 3.3 km -",8.0
Best Western Hotel Astrid,Barcelona,3,RO_0005_009,107,Double,"Villa Borghese Parioli, Rome - 3.3 km -",8.0
Best Western Hotel Astrid,Barcelona,3,RO_0005_010,93,Single,"Villa Borghese Parioli, Rome - 3.3 km -",8.0
Best Western Hotel Astrid,Barcelona,3,RO_0005_011,93,Single,"Villa Borghese Parioli, Rome - 3.3 km -",8.0
Best Western Hotel Astrid,Barcelona,3,RO_0005_012,93,Single,"Villa Borghese Parioli, Rome - 3.3 km -",8.0
Best Western Hotel Astrid,Barcelona,3,RO_0005_013,93,Single,"Villa Borghese Parioli, Rome - 3.3 km -",8.0
Best Western Hotel Astrid,Barcelona,3,RO_0005_014,93,Single,"Villa Borghese Parioli, Rome - 3.3 km -",8.0
Best Western Hotel Astrid,Barcelona,3,RO_0005_015,93,Single,"Villa Borghese Parioli, Rome - 3.3 km -",8.0
Best Western Hotel Astrid,Barcelona,3,RO_0005_016,93,Single,"Villa Borghese Parioli, Rome - 3.3 km -",8.0
Best Western Hotel Astrid,Barcelona,3,RO_0005_017,93,Single,"Villa Borghese Parioli, Rome - 3.3 km -",8.0
Best Western Hotel Astrid,Barcelona,3,RO_0005_018,93,Single,"Villa Borghese Parioli, Rome - 3.3 km -",8.0
Best Western Hotel Astrid,Barcelona,3,RO_0005_019,93,Single,"Villa Borghese Parioli, Rome - 3.3 km -",8.0
Best Western Hotel Astrid,Barcelona,3,RO_0005_020,93,Single,"Villa Borghese Parioli, Rome - 3.3 km -",8.0
Best Western Hotel Astrid,Barcelona,3,RO_0005_021,93,Single,"Villa Borghese Parioli, Rome - 3.3 km -",8.0
Best Western Hotel Astrid,Barcelona,3,RO_0005_022,93,Single,"Villa Borghese Parioli, Rome - 3.3 km -",8.0
Best Western Hotel Globus,Barcelona,3,RO_0006_000,152,Double,"Tiburtino, Rome - 3.1 km - Metro access -",8.3
Best Western Hotel Globus,Barcelona,3,RO_0006_001,152,Double,"Tiburtino, Rome - 3.1 km - Metro access -",8.3
Best Western Hotel Globus,Barcelona,3,RO_0006_002,152,Double,"Tiburtino, Rome - 3.1 km - Metro access -",8.3
Best Western Hotel Globus,Barcelona,3,RO_0006_003,152,Double,"Tiburtino, Rome - 3.1 km - Metro access -",8.3
Best Western Hotel Globus,Barcelona,3,RO_0006_004,152,Double,"Tiburtino, Rome - 3.1 km - Metro access -",8.3
Best Western Hotel Globus,Barcelona,3,RO_0006_005,152,Double,"Tiburtino, Rome - 3.1 km - Metro access -",8.3
Best Western Hotel Globus,Barcelona,3,RO_0006_006,152,Double,"Tiburtino, Rome - 3.1 km - Metro access -",8.3
Best Western Hotel Globus,Barcelona,3,RO_0006_007,152,Double,"Tiburtino, Rome - 3.1 km - Metro access -",8.3
Best Western Hotel Globus,Barcelona,3,RO_0006_008,152,Double,"Tiburtino, Rome - 3.1 km - Metro access -",8.3
Best Western Hotel Globus,Barcelona,3,RO_0006_009,152,Double,"Tiburtino, Rome - 3.1 km - Metro access -",8.3
Best Western Hotel Globus,Barcelona,3,RO_0006_010,152,Double,"Tiburtino, Rome - 3.1 km - Metro access -",8.3
Best Western Hotel Globus,Barcelona,3,RO_0006_011,152,Double,"Tiburtino, Rome - 3.1 km - Metro access -",8.3
Best Western Hotel Globus,Barcelona,3,RO_0006_012,152,Double,"Tiburtino, Rome - 3.1 km - Metro access -",8.3
Best Western Hotel Globus,Barcelona,3,RO_0006_013,152,Double,"Tiburtino, Rome - 3.1 km - Metro access -",8.3
Best Western Hotel Globus,Barcelona,3,RO_0006_014,186,Triple,"Tiburtino, Rome - 3.1 km - Metro access -",8.3
Best Western Hotel Globus,Barcelona,3,RO_0006_015,186,Triple,"Tiburtino, Rome - 3.1 km - Metro access -",8.3
Best Western Hotel Globus,Barcelona,3,RO_0006_016,186,Triple,"Tiburtino, Rome - 3.1 km - Metro access -",8.3
Best Western Hotel Globus,Barcelona,3,RO_0006_017,186,Triple,"Tiburtino, Rome - 3.1 km - Metro access -",8.3
Best Western Hotel Globus,Barcelona,3,RO_0006_018,186,Triple,"Tiburtino, Rome - 3.1 km - Metro access -",8.3
Best Western Hotel Globus,Barcelona,3,RO_0006_019,186,Triple,"Tiburtino, Rome - 3.1 km - Metro access -",8.3
Best Western Hotel Globus,Barcelona,3,RO_0006_020,186,Triple,"Tiburtino, Rome - 3.1 km - Metro access -",8.3
Best Western Hotel Globus,Barcelona,3,RO_0006_021,186,Triple,"Tiburtino, Rome - 3.1 km - Metro access -",8.3
Best Western Hotel Globus,Barcelona,3,RO_0006_022,186,Triple,"Tiburtino, Rome - 3.1 km - Metro access -",8.3
Best Western Hotel Globus,Barcelona,3,RO_0006_023,186,Triple,"Tiburtino, Rome - 3.1 km - Metro access -",8.3
Best Western Hotel Globus,Barcelona,3,RO_0006_024,186,Triple,"Tiburtino, Rome - 3.1 km - Metro access -",8.3
Best Western Hotel Globus,Barcelona,3,RO_0006_025,186,Triple,"Tiburtino, Rome - 3.1 km - Metro access -",8.3
Best Western Hotel Globus,Barcelona,3,RO_0006_026,186,Triple,"Tiburtino, Rome - 3.1 km - Metro access -",8.3
c-hotels Club House Roma,Barcelona,4,RO_0007_000,65,Single,"Aurelio, Rome - 4.7 km - Metro access -",8.4
c-hotels Club House Roma,Barcelona,4,RO_0007_001,65,Single,"Aurelio, Rome - 4.7 km - Metro access -",8.4
c-hotels Club House Roma,Barcelona,4,RO_0007_002,65,Single,"Aurelio, Rome - 4.7 km - Metro access -",8.4
c-hotels Club House Roma,Barcelona,4,RO_0007_003,65,Single,"Aurelio, Rome - 4.7 km - Metro access -",8.4
c-hotels Club House Roma,Barcelona,4,RO_0007_004,65,Single,"Aurelio, Rome - 4.7 km - Metro access -",8.4
c-hotels Club House Roma,Barcelona,4,RO_0007_005,65,Single,"Aurelio, Rome - 4.7 km - Metro access -",8.4
c-hotels Club House Roma,Barcelona,4,RO_0007_006,65,Single,"Aurelio, Rome - 4.7 km - Metro access -",8.4
c-hotels Club House Roma,Barcelona,4,RO_0007_007,65,Single,"Aurelio, Rome - 4.7 km - Metro access -",8.4
c-hotels Club House Roma,Barcelona,4,RO_0007_008,65,Single,"Aurelio, Rome - 4.7 km - Metro access -",8.4
c-hotels Club House Roma,Barcelona,4,RO_0007_009,65,Single,"Aurelio, Rome - 4.7 km - Metro access -",8.4
c-hotels Club House Roma,Barcelona,4,RO_0007_010,65,Single,"Aurelio, Rome - 4.7 km - Metro access -",8.4
c-hotels Club House Roma,Barcelona,4,RO_0007_011,65,Single,"Aurelio, Rome - 4.7 km - Metro access -",8.4
c-hotels Club House Roma,Barcelona,4,RO_0007_012,143,Triple,"Aurelio, Rome - 4.7 km - Metro access -",8.4
c-hotels Club House Roma,Barcelona,4,RO_0007_013,143,Triple,"Aurelio, Rome - 4.7 km - Metro access -",8.4
c-hotels Club House Roma,Barcelona,4,RO_0007_014,143,Triple,"Aurelio, Rome - 4.7 km - Metro access -",8.4
c-hotels Club House Roma,Barcelona,4,RO_0007_015,143,Triple,"Aurelio, Rome - 4.7 km - Metro access -",8.4
c-hotels Club House Roma,Barcelona,4,RO_0007_016,143,Triple,"Aurelio, Rome - 4.7 km - Metro access -",8.4
c-hotels Club House Roma,Barcelona,4,RO_0007_017,143,Triple,"Aurelio, Rome - 4.7 km - Metro access -",8.4
c-hotels Club House Roma,Barcelona,4,RO_0007_018,143,Triple,"Aurelio, Rome - 4.7 km - Metro access -",8.4
c-hotels Club House Roma,Barcelona,4,RO_0007_019,143,Triple,"Aurelio, Rome - 4.7 km - Metro access -",8.4
c-hotels Club House Roma,Barcelona,4,RO_0007_020,143,Triple,"Aurelio, Rome - 4.7 km - Metro access -",8.4
c-hotels Club House Roma,Barcelona,4,RO_0007_021,143,Triple,"Aurelio, Rome - 4.7 km - Metro access -",8.4
c-hotels Club House Roma,Barcelona,4,RO_0007_022,143,Triple,"Aurelio, Rome - 4.7 km - Metro access -",8.4
c-hotels Club House Roma,Barcelona,4,RO_0007_023,143,Triple,"Aurelio, Rome - 4.7 km - Metro access -",8.4
c-hotels Club House Roma,Barcelona,4,RO_0007_024,143,Triple,"Aurelio, Rome - 4.7 km - Metro access -",8.4
c-hotels Club House Roma,Barcelona,4,RO_0007_025,143,Triple,"Aurelio, Rome - 4.7 km - Metro access -",8.4
Camplus Hotel Roma Centro,Barcelona,3,RO_0008_000,82,Single,"Central Station, Rome - 1.7 km - Metro access -",9.1
Camplus Hotel Roma Centro,Barcelona,3,RO_0008_001,82,Single,"Central Station, Rome - 1.7 km - Metro access -",9.1
Camplus Hotel Roma Centro,Barcelona,3,RO_0008_002,82,Single,"Central Station, Rome - 1.7 km - Metro access -",9.1
Camplus Hotel Roma Centro,Barcelona,3,RO_0008_003,82,Single,"Central Station, Rome - 1.7 km - Metro access -",9.1
Camplus Hotel Roma Centro,Barcelona,3,RO_0008_004,82,Single,"Central Station, Rome - 1.7 km - Metro access -",9.1
Camplus Hotel Roma Centro,Barcelona,3,RO_0008_005,82,Single,"Central Station, Rome - 1.7 km - Metro access -",9.1
Camplus Hotel Roma Centro,Barcelona,3,RO_0008_006,82,Single,"Central Station, Rome - 1.7 km - Metro access -",9.1
Camplus Hotel Roma Centro,Barcelona,3,RO_0008_007,82,Single,"Central Station, Rome - 1.7 km - Metro access -",9.1
Camplus Hotel Roma Centro,Barcelona,3,RO_0008_008,82,Single,"Central Station, Rome - 1.7 km - Metro access -",9.1
Camplus Hotel Roma Centro,Barcelona,3,RO_0008_009,82,Single,"Central Station, Rome - 1.7 km - Metro access -",9.1
Camplus Hotel Roma Centro,Barcelona,3,RO_0008_010,82,Single,"Central Station, Rome - 1.7 km - Metro access -",9.1
Camplus Hotel Roma Centro,Barcelona,3,RO_0008_011,161,Suite,"Central Station, Rome - 1.7 km - Metro access -",9.1
Camplus Hotel Roma Centro,Barcelona,3,RO_0008_012,161,Suite,"Central Station, Rome - 1.7 km - Metro access -",9.1
Camplus Hotel Roma Centro,Barcelona,3,RO_0008_013,161,Suite,"Central Station, Rome - 1.7 km - Metro access -",9.1
Camplus Hotel Roma Centro,Barcelona,3,RO_0008_014,161,Suite,"Central Station, Rome - 1.7 km - Metro access -",9.1
Camplus Hotel Roma Centro,Barcelona,3,RO_0008_015,161,Suite,"Central Station, Rome - 1.7 km - Metro access -",9.1
Camplus Hotel Roma Centro,Barcelona,3,RO_0008_016,161,Suite,"Central Station, Rome - 1.7 km - Metro access -",9.1
Camplus Hotel Roma Centro,Barcelona,3,RO_0008_017,161,Suite,"Central Station, Rome - 1.7 km - Metro access -",9.1
Camplus Hotel Roma Centro,Barcelona,3,RO_0008_018,161,Suite,"Central Station, Rome - 1.7 km - Metro access -",9.1
Camplus Hotel Roma Centro,Barcelona,3,RO_0008_019,161,Suite,"Central Station, Rome - 1.7 km - Metro access -",9.1
Camplus Hotel Roma Centro,Barcelona,3,RO_0008_020,161,Suite,"Central Station, Rome - 1.7 km - Metro access -",9.1
Camplus Hotel Roma Centro,Barcelona,3,RO_0008_021,161,Suite,"Central Station, Rome - 1.7 km - Metro access -",9.1
Camplus Hotel Roma Centro,Barcelona,3,RO_0008_022,161,Suite,"Central Station, Rome - 1.7 km - Metro access -",9.1
Grand Hotel Colony,Barcelona,3,RO_0009_000,82,Double,"Tor Di Quinto, Rome - 6 km -",7.1
Grand Hotel Colony,Barcelona,3,RO_0009_001,82,Double,"Tor Di Quinto, Rome - 6 km -",7.1
Grand Hotel Colony,Barcelona,3,RO_0009_002,82,Double,"Tor Di Quinto, Rome - 6 km -",7.1
Grand Hotel Colony,Barcelona,3,RO_0009_003,82,Double,"Tor Di Quinto, Rome - 6 km -",7.1
Grand Hotel Colony,Barcelona,3,RO_0009_004,82,Double,"Tor Di Quinto, Rome - 6 km -",7.1
Grand Hotel Colony,Barcelona,3,RO_0009_005,82,Double,"Tor Di Quinto, Rome - 6 km -",7.1
Grand Hotel Colony,Barcelona,3,RO_0009_006,82,Double,"Tor Di Quinto, Rome - 6 km -",7.1
Grand Hotel Colony,Barcelona,3,RO_0009_007,82,Double,"Tor Di Quinto, Rome - 6 km -",7.1
Grand Hotel Colony,Barcelona,3,RO_0009_008,82,Double,"Tor Di Quinto, Rome - 6 km -",7.1
Grand Hotel Colony,Barcelona,3,RO_0009_009,82,Double,"Tor Di Quinto, Rome - 6 km -",7.1
Grand Hotel Colony,Barcelona,3,RO_0009_010,82,Double,"Tor Di Quinto, Rome - 6 km -",7.1
Grand Hotel Colony,Barcelona,3,RO_0009_011,82,Double,"Tor Di Quinto, Rome - 6 km -",7.1
Grand Hotel Colony,Barcelona,3,RO_0009_012,82,Double,"Tor Di Quinto, Rome - 6 km -",7.1
"Holiday Inn Rome - Eur Parco Dei Medici, an IHG Hotel",Barcelona,4,RO_0010_000,80,Double,"Magliana Vecchia, Rome - 10 km -",7.7
"Holiday Inn Rome - Eur Parco Dei Medici, an IHG Hotel",Barcelona,4,RO_0010_001,80,Double,"Magliana Vecchia, Rome - 10 km -",7.7
"Holiday Inn Rome - Eur Parco Dei Medici, an IHG Hotel",Barcelona,4,RO_0010_002,80,Double,"Magliana Vecchia, Rome - 10 km -",7.7
"Holiday Inn Rome - Eur Parco Dei Medici, an IHG Hotel",Barcelona,4,RO_0010_003,80,Double,"Magliana Vecchia, Rome - 10 km -",7.7
"Holiday Inn Rome - Eur Parco Dei Medici, an IHG Hotel",Barcelona,4,RO_0010_004,80,Double,"Magliana Vecchia, Rome - 10 km -",7.7
"Holiday Inn Rome - Eur Parco Dei Medici, an IHG Hotel",Barcelona,4,RO_0010_005,80,Double,"Magliana Vecchia, Rome - 10 km -",7.7
"Holiday Inn Rome - Eur Parco Dei Medici, an IHG Hotel",Barcelona,4,RO_0010_006,80,Double,"Magliana Vecchia, Rome - 10 km -",7.7
"Holiday Inn Rome - Eur Parco Dei Medici, an IHG Hotel",Barcelona,4,RO_0010_007,80,Double,"Magliana Vecchia, Rome - 10 km -",7.7
"Holiday Inn Rome - Eur Parco Dei Medici, an IHG Hotel",Barcelona,4,RO_0010_008,80,Double,"Magliana Vecchia, Rome - 10 km -",7.7
"Holiday Inn Rome - Eur Parco Dei Medici, an IHG Hotel",Barcelona,4,RO_0010_009,80,Double,"Magliana Vecchia, Rome - 10 km -",7.7
"Holiday Inn Rome - Eur Parco Dei Medici, an IHG Hotel",Barcelona,4,RO_0010_010,80,Double,"Magliana Vecchia, Rome - 10 km -",7.7
"Holiday Inn Rome - Eur Parco Dei Medici, an IHG Hotel",Barcelona,4,RO_0010_011,80,Double,"Magliana Vecchia, Rome - 10 km -",7.7
"Holiday Inn Rome - Eur Parco Dei Medici, an IHG Hotel",Barcelona,4,RO_0010_012,109,Triple,"Magliana Vecchia, Rome - 10 km -",7.7
"Holiday Inn Rome - Eur Parco Dei Medici, an IHG Hotel",Barcelona,4,RO_0010_013,109,Triple,"Magliana Vecchia, Rome - 10 km -",7.7
"Holiday Inn Rome - Eur Parco Dei Medici, an IHG Hotel",Barcelona,4,RO_0010_014,109,Triple,"Magliana Vecchia, Rome - 10 km -",7.7
"Holiday Inn Rome - Eur Parco Dei Medici, an IHG Hotel",Barcelona,4,RO_0010_015,109,Triple,"Magliana Vecchia, Rome - 10 km -",7.7
"Holiday Inn Rome - Eur Parco Dei Medici, an IHG Hotel",Barcelona,4,RO_0010_016,109,Triple,"Magliana Vecchia, Rome - 10 km -",7.7
"Holiday Inn Rome - Eur Parco Dei Medici, an IHG Hotel",Barcelona,4,RO_0010_017,109,Triple,"Magliana Vecchia, Rome - 10 km -",7.7
"Holiday Inn Rome - Eur Parco Dei Medici, an IHG Hotel",Barcelona,4,RO_0010_018,109,Triple,"Magliana Vecchia, Rome - 10 km -",7.7
"Holiday Inn Rome - Eur Parco Dei Medici, an IHG Hotel",Barcelona,4,RO_0010_019,109,Triple,"Magliana Vecchia, Rome - 10 km -",7.7
"Holiday Inn Rome - Eur Parco Dei Medici, an IHG Hotel",Barcelona,4,RO_0010_020,109,Triple,"Magliana Vecchia, Rome - 10 km -",7.7
"Holiday Inn Rome - Eur Parco Dei Medici, an IHG Hotel",Barcelona,4,RO_0010_021,109,Triple,"Magliana Vecchia, Rome - 10 km -",7.7
"Holiday Inn Rome - Eur Parco Dei Medici, an IHG Hotel",Barcelona,4,RO_0010_022,109,Triple,"Magliana Vecchia, Rome - 10 km -",7.7
"Holiday Inn Rome - Eur Parco Dei Medici, an IHG Hotel",Barcelona,4,RO_0010_023,109,Triple,"Magliana Vecchia, Rome - 10 km -",7.7
"Holiday Inn Rome - Eur Parco Dei Medici, an IHG Hotel",Barcelona,4,RO_0010_024,109,Triple,"Magliana Vecchia, Rome - 10 km -",7.7
"Holiday Inn Rome - Eur Parco Dei Medici, an IHG Hotel",Barcelona,4,RO_0010_025,109,Triple,"Magliana Vecchia, Rome - 10 km -",7.7
Hotel American Palace Eur,Barcelona,4,RO_0011_000,109,Double,"Eur, Rome - 7.8 km - Metro access -",8.6
Hotel American Palace Eur,Barcelona,4,RO_0011_001,109,Double,"Eur, Rome - 7.8 km - Metro access -",8.6
Hotel American Palace Eur,Barcelona,4,RO_0011_002,109,Double,"Eur, Rome - 7.8 km - Metro access -",8.6
Hotel American Palace Eur,Barcelona,4,RO_0011_003,109,Double,"Eur, Rome - 7.8 km - Metro access -",8.6
Hotel American Palace Eur,Barcelona,4,RO_0011_004,109,Double,"Eur, Rome - 7.8 km - Metro access -",8.6
Hotel American Palace Eur,Barcelona,4,RO_0011_005,109,Double,"Eur, Rome - 7.8 km - Metro access -",8.6
Hotel American Palace Eur,Barcelona,4,RO_0011_006,109,Double,"Eur, Rome - 7.8 km - Metro access -",8.6
Hotel American Palace Eur,Barcelona,4,RO_0011_007,109,Double,"Eur, Rome - 7.8 km - Metro access -",8.6
Hotel American Palace Eur,Barcelona,4,RO_0011_008,109,Double,"Eur, Rome - 7.8 km - Metro access -",8.6
Hotel American Palace Eur,Barcelona,4,RO_0011_009,109,Double,"Eur, Rome - 7.8 km - Metro access -",8.6
Hotel American Palace Eur,Barcelona,4,RO_0011_010,109,Double,"Eur, Rome - 7.8 km - Metro access -",8.6
Hotel American Palace Eur,Barcelona,4,RO_0011_011,109,Double,"Eur, Rome - 7.8 km - Metro access -",8.6
Hotel American Palace Eur,Barcelona,4,RO_0011_012,109,Double,"Eur, Rome - 7.8 km - Metro access -",8.6
Hotel American Palace Eur,Barcelona,4,RO_0011_013,109,Double,"Eur, Rome - 7.8 km - Metro access -",8.6
Hotel American Palace Eur,Barcelona,4,RO_0011_014,109,Double,"Eur, Rome - 7.8 km - Metro access -",8.6
Hotel American Palace Eur,Barcelona,4,RO_0011_015,94,Single,"Eur, Rome - 7.8 km - Metro access -",8.6
Hotel American Palace Eur,Barcelona,4,RO_0011_016,94,Single,"Eur, Rome - 7.8 km - Metro access -",8.6
Hotel American Palace Eur,Barcelona,4,RO_0011_017,94,Single,"Eur, Rome - 7.8 km - Metro access -",8.6
Hotel American Palace Eur,Barcelona,4,RO_0011_018,94,Single,"Eur, Rome - 7.8 km - Metro access -",8.6
Hotel American Palace Eur,Barcelona,4,RO_0011_019,94,Single,"Eur, Rome - 7.8 km - Metro access -",8.6
Hotel American Palace Eur,Barcelona,4,RO_0011_020,94,Single,"Eur, Rome - 7.8 km - Metro access -",8.6
Hotel American Palace Eur,Barcelona,4,RO_0011_021,94,Single,"Eur, Rome - 7.8 km - Metro access -",8.6
Hotel American Palace Eur,Barcelona,4,RO_0011_022,94,Single,"Eur, Rome - 7.8 km - Metro access -",8.6
Hotel American Palace Eur,Barcelona,4,RO_0011_023,94,Single,"Eur, Rome - 7.8 km - Metro access -",8.6
Hotel American Palace Eur,Barcelona,4,RO_0011_024,94,Single,"Eur, Rome - 7.8 km - Metro access -",8.6
Hotel American Palace Eur,Barcelona,4,RO_0011_025,94,Single,"Eur, Rome - 7.8 km - Metro access -",8.6
Hotel American Palace Eur,Barcelona,4,RO_0011_026,94,Single,"Eur, Rome - 7.8 km - Metro access -",8.6
Hotel American Palace Eur,Barcelona,4,RO_0011_027,94,Single,"Eur, Rome - 7.8 km - Metro access -",8.6
Hotel American Palace Eur,Barcelona,4,RO_0011_028,94,Single,"Eur, Rome - 7.8 km - Metro access -",8.6
Hotel American Palace Eur,Barcelona,4,RO_0011_029,94,Single,"Eur, Rome - 7.8 km - Metro access -",8.6
Hotel American Palace Eur,Barcelona,4,RO_0011_030,139,Triple,"Eur, Rome - 7.8 km - Metro access -",8.6
Hotel American Palace Eur,Barcelona,4,RO_0011_031,139,Triple,"Eur, Rome - 7.8 km - Metro access -",8.6
Hotel American Palace Eur,Barcelona,4,RO_0011_032,139,Triple,"Eur, Rome - 7.8 km - Metro access -",8.6
Hotel American Palace Eur,Barcelona,4,RO_0011_033,139,Triple,"Eur, Rome - 7.8 km - Metro access -",8.6
Hotel American Palace Eur,Barcelona,4,RO_0011_034,139,Triple,"Eur, Rome - 7.8 km - Metro access -",8.6
Hotel American Palace Eur,Barcelona,4,RO_0011_035,139,Triple,"Eur, Rome - 7.8 km - Metro access -",8.6
Hotel American Palace Eur,Barcelona,4,RO_0011_036,139,Triple,"Eur, Rome - 7.8 km - Metro access -",8.6
Hotel American Palace Eur,Barcelona,4,RO_0011_037,139,Triple,"Eur, Rome - 7.8 km - Metro access -",8.6
Hotel American Palace Eur,Barcelona,4,RO_0011_038,139,Triple,"Eur, Rome - 7.8 km - Metro access -",8.6
Hotel American Palace Eur,Barcelona,4,RO_0011_039,139,Triple,"Eur, Rome - 7.8 km - Metro access -",8.6
Hotel American Palace Eur,Barcelona,4,RO_0011_040,139,Triple,"Eur, Rome - 7.8 km - Metro access -",8.6
Hotel American Palace Eur,Barcelona,4,RO_0011_041,139,Triple,"Eur, Rome - 7.8 km - Metro access -",8.6
Hotel American Palace Eur,Barcelona,4,RO_0011_042,139,Triple,"Eur, Rome - 7.8 km - Metro access -",8.6
Hotel Antica Locanda,Barcelona,3,RO_0012_000,181,Double,"Rione Monti, Rome - 0.7 km - Metro access -",8.5
Hotel Antica Locanda,Barcelona,3,RO_0012_001,181,Double,"Rione Monti, Rome - 0.7 km - Metro access -",8.5
Hotel Antica Locanda,Barcelona,3,RO_0012_002,181,Double,"Rione Monti, Rome - 0.7 km - Metro access -",8.5
Hotel Antica Locanda,Barcelona,3,RO_0012_003,181,Double,"Rione Monti, Rome - 0.7 km - Metro access -",8.5
Hotel Antica Locanda,Barcelona,3,RO_0012_004,181,Double,"Rione Monti, Rome - 0.7 km - Metro access -",8.5
Hotel Antica Locanda,Barcelona,3,RO_0012_005,181,Double,"Rione Monti, Rome - 0.7 km - Metro access -",8.5
Hotel Antica Locanda,Barcelona,3,RO_0012_006,181,Double,"Rione Monti, Rome - 0.7 km - Metro access -",8.5
Hotel Antica Locanda,Barcelona,3,RO_0012_007,181,Double,"Rione Monti, Rome - 0.7 km - Metro access -",8.5
Hotel Antica Locanda,Barcelona,3,RO_0012_008,181,Double,"Rione Monti, Rome - 0.7 km - Metro access -",8.5
Hotel Antica Locanda,Barcelona,3,RO_0012_009,181,Double,"Rione Monti, Rome - 0.7 km - Metro access -",8.5
Hotel Antica Locanda,Barcelona,3,RO_0012_010,215,Triple,"Rione Monti, Rome - 0.7 km - Metro access -",8.5
Hotel Antica Locanda,Barcelona,3,RO_0012_011,215,Triple,"Rione Monti, Rome - 0.7 km - Metro access -",8.5
Hotel Antica Locanda,Barcelona,3,RO_0012_012,215,Triple,"Rione Monti, Rome - 0.7 km - Metro access -",8.5
Hotel Antica Locanda,Barcelona,3,RO_0012_013,215,Triple,"Rione Monti, Rome - 0.7 km - Metro access -",8.5
Hotel Antica Locanda,Barcelona,3,RO_0012_014,215,Triple,"Rione Monti, Rome - 0.7 km - Metro access -",8.5
Hotel Antica Locanda,Barcelona,3,RO_0012_015,215,Triple,"Rione Monti, Rome - 0.7 km - Metro access -",8.5
Hotel Antica Locanda,Barcelona,3,RO_0012_016,215,Triple,"Rione Monti, Rome - 0.7 km - Metro access -",8.5
Hotel Antica Locanda,Barcelona,3,RO_0012_017,215,Triple,"Rione Monti, Rome - 0.7 km - Metro access -",8.5
Hotel Antica Locanda,Barcelona,3,RO_0012_018,215,Triple,"Rione Monti, Rome - 0.7 km - Metro access -",8.5
Hotel Antica Locanda,Barcelona,3,RO_0012_019,215,Triple,"Rione Monti, Rome - 0.7 km - Metro access -",8.5
Hotel Antica Locanda,Barcelona,3,RO_0012_020,215,Triple,"Rione Monti, Rome - 0.7 km - Metro access -",8.5
Hotel Antica Locanda,Barcelona,3,RO_0012_021,215,Triple,"Rione Monti, Rome - 0.7 km - Metro access -",8.5
Hotel Antica Locanda,Barcelona,3,RO_0012_022,215,Triple,"Rione Monti, Rome - 0.7 km - Metro access -",8.5
Hotel Antica Locanda,Barcelona,3,RO_0012_023,215,Triple,"Rione Monti, Rome - 0.7 km - Metro access -",8.5
Hotel Antica Locanda,Barcelona,3,RO_0012_024,215,Triple,"Rione Monti, Rome - 0.7 km - Metro access -",8.5
Hotel Arcangelo,Barcelona,3,RO_0013_000,148,Double,"Vaticano Prati, Rome - 1.9 km -",8.2
Hotel Arcangelo,Barcelona,3,RO_0013_001,148,Double,"Vaticano Prati, Rome - 1.9 km -",8.2
Hotel Arcangelo,Barcelona,3,RO_0013_002,148,Double,"Vaticano Prati, Rome - 1.9 km -",8.2
Hotel Arcangelo,Barcelona,3,RO_0013_003,148,Double,"Vaticano Prati, Rome - 1.9 km -",8.2
Hotel Arcangelo,Barcelona,3,RO_0013_004,148,Double,"Vaticano Prati, Rome - 1.9 km -",8.2
Hotel Arcangelo,Barcelona,3,RO_0013_005,148,Double,"Vaticano Prati, Rome - 1.9 km -",8.2
Hotel Arcangelo,Barcelona,3,RO_0013_006,148,Double,"Vaticano Prati, Rome - 1.9 km -",8.2
Hotel Arcangelo,Barcelona,3,RO_0013_007,148,Double,"Vaticano Prati, Rome - 1.9 km -",8.2
Hotel Arcangelo,Barcelona,3,RO_0013_008,148,Double,"Vaticano Prati, Rome - 1.9 km -",8.2
Hotel Arcangelo,Barcelona,3,RO_0013_009,148,Double,"Vaticano Prati, Rome - 1.9 km -",8.2
Hotel Arcangelo,Barcelona,3,RO_0013_010,148,Double,"Vaticano Prati, Rome - 1.9 km -",8.2
Hotel Arcangelo,Barcelona,3,RO_0013_011,148,Double,"Vaticano Prati, Rome - 1.9 km -",8.2
Hotel Arcangelo,Barcelona,3,RO_0013_012,148,Double,"Vaticano Prati, Rome - 1.9 km -",8.2
Hotel Arcangelo,Barcelona,3,RO_0013_013,182,Triple,"Vaticano Prati, Rome - 1.9 km -",8.2
Hotel Arcangelo,Barcelona,3,RO_0013_014,182,Triple,"Vaticano Prati, Rome - 1.9 km -",8.2
Hotel Arcangelo,Barcelona,3,RO_0013_015,182,Triple,"Vaticano Prati, Rome - 1.9 km -",8.2
Hotel Arcangelo,Barcelona,3,RO_0013_016,182,Triple,"Vaticano Prati, Rome - 1.9 km -",8.2
Hotel Arcangelo,Barcelona,3,RO_0013_017,182,Triple,"Vaticano Prati, Rome - 1.9 km -",8.2
Hotel Arcangelo,Barcelona,3,RO_0013_018,182,Triple,"Vaticano Prati, Rome - 1.9 km -",8.2
Hotel Arcangelo,Barcelona,3,RO_0013_019,182,Triple,"Vaticano Prati, Rome - 1.9 km -",8.2
Hotel Arcangelo,Barcelona,3,RO_0013_020,182,Triple,"Vaticano Prati, Rome - 1.9 km -",8.2
Hotel Arcangelo,Barcelona,3,RO_0013_021,182,Triple,"Vaticano Prati, Rome - 1.9 km -",8.2
Hotel Arcangelo,Barcelona,3,RO_0013_022,182,Triple,"Vaticano Prati, Rome - 1.9 km -",8.2
Hotel Arcangelo,Barcelona,3,RO_0013_023,182,Triple,"Vaticano Prati, Rome - 1.9 km -",8.2
Hotel Arcangelo,Barcelona,3,RO_0013_024,182,Triple,"Vaticano Prati, Rome - 1.9 km -",8.2
Hotel Arcangelo,Barcelona,3,RO_0013_025,182,Triple,"Vaticano Prati, Rome - 1.9 km -",8.2
Hotel Capitol,Barcelona,2,RO_0014_000,131,Triple,"Central Station, Rome - 1.5 km - Metro access -",8.0
Hotel Capitol,Barcelona,2,RO_0014_001,131,Triple,"Central Station, Rome - 1.5 km - Metro access -",8.0
Hotel Capitol,Barcelona,2,RO_0014_002,131,Triple,"Central Station, Rome - 1.5 km - Metro access -",8.0
Hotel Capitol,Barcelona,2,RO_0014_003,131,Triple,"Central Station, Rome - 1.5 km - Metro access -",8.0
Hotel Capitol,Barcelona,2,RO_0014_004,131,Triple,"Central Station, Rome - 1.5 km - Metro access -",8.0
Hotel Capitol,Barcelona,2,RO_0014_005,131,Triple,"Central Station, Rome - 1.5 km - Metro access -",8.0
Hotel Capitol,Barcelona,2,RO_0014_006,131,Triple,"Central Station, Rome - 1.5 km - Metro access -",8.0
Hotel Capitol,Barcelona,2,RO_0014_007,131,Triple,"Central Station, Rome - 1.5 km - Metro access -",8.0
Hotel Capitol,Barcelona,2,RO_0014_008,131,Triple,"Central Station, Rome - 1.5 km - Metro access -",8.0
Hotel Capitol,Barcelona,2,RO_0014_009,131,Triple,"Central Station, Rome - 1.5 km - Metro access -",8.0
Hotel Capitol,Barcelona,2,RO_0014_010,131,Triple,"Central Station, Rome - 1.5 km - Metro access -",8.0
Hotel Capitol,Barcelona,2,RO_0014_011,131,Triple,"Central Station, Rome - 1.5 km - Metro access -",8.0
Hotel Capitol,Barcelona,2,RO_0014_012,131,Triple,"Central Station, Rome - 1.5 km - Metro access -",8.0
Hotel Capitol,Barcelona,2,RO_0014_013,134,Triple,"Central Station, Rome - 1.5 km - Metro access -",8.0
Hotel Capitol,Barcelona,2,RO_0014_014,134,Triple,"Central Station, Rome - 1.5 km - Metro access -",8.0
Hotel Capitol,Barcelona,2,RO_0014_015,134,Triple,"Central Station, Rome - 1.5 km - Metro access -",8.0
Hotel Capitol,Barcelona,2,RO_0014_016,134,Triple,"Central Station, Rome - 1.5 km - Metro access -",8.0
Hotel Capitol,Barcelona,2,RO_0014_017,134,Triple,"Central Station, Rome - 1.5 km - Metro access -",8.0
Hotel Capitol,Barcelona,2,RO_0014_018,134,Triple,"Central Station, Rome - 1.5 km - Metro access -",8.0
Hotel Capitol,Barcelona,2,RO_0014_019,134,Triple,"Central Station, Rome - 1.5 km - Metro access -",8.0
Hotel Capitol,Barcelona,2,RO_0014_020,134,Triple,"Central Station, Rome - 1.5 km - Metro access -",8.0
Hotel Capitol,Barcelona,2,RO_0014_021,134,Triple,"Central Station, Rome - 1.5 km - Metro access -",8.0
Hotel Capitol,Barcelona,2,RO_0014_022,134,Triple,"Central Station, Rome - 1.5 km - Metro access -",8.0
Hotel City Palazzo Dei Cardinali,Barcelona,3,RO_0015_000,180,Double,"Spagna, Rome - 0.9 km - Metro access -",8.2
Hotel City Palazzo Dei Cardinali,Barcelona,3,RO_0015_001,180,Double,"Spagna, Rome - 0.9 km - Metro access -",8.2
Hotel City Palazzo Dei Cardinali,Barcelona,3,RO_0015_002,180,Double,"Spagna, Rome - 0.9 km - Metro access -",8.2
Hotel City Palazzo Dei Cardinali,Barcelona,3,RO_0015_003,180,Double,"Spagna, Rome - 0.9 km - Metro access -",8.2
Hotel City Palazzo Dei Cardinali,Barcelona,3,RO_0015_004,180,Double,"Spagna, Rome - 0.9 km - Metro access -",8.2
Hotel City Palazzo Dei Cardinali,Barcelona,3,RO_0015_005,180,Double,"Spagna, Rome - 0.9 km - Metro access -",8.2
Hotel City Palazzo Dei Cardinali,Barcelona,3,RO_0015_006,180,Double,"Spagna, Rome - 0.9 km - Metro access -",8.2
Hotel City Palazzo Dei Cardinali,Barcelona,3,RO_0015_007,180,Double,"Spagna, Rome - 0.9 km - Metro access -",8.2
Hotel City Palazzo Dei Cardinali,Barcelona,3,RO_0015_008,180,Double,"Spagna, Rome - 0.9 km - Metro access -",8.2
Hotel City Palazzo Dei Cardinali,Barcelona,3,RO_0015_009,180,Double,"Spagna, Rome - 0.9 km - Metro access -",8.2
Hotel City Palazzo Dei Cardinali,Barcelona,3,RO_0015_010,180,Double,"Spagna, Rome - 0.9 km - Metro access -",8.2
Hotel City Palazzo Dei Cardinali,Barcelona,3,RO_0015_011,180,Double,"Spagna, Rome - 0.9 km - Metro access -",8.2
Hotel City Palazzo Dei Cardinali,Barcelona,3,RO_0015_012,180,Double,"Spagna, Rome - 0.9 km - Metro access -",8.2
Hotel City Palazzo Dei Cardinali,Barcelona,3,RO_0015_013,180,Double,"Spagna, Rome - 0.9 km - Metro access -",8.2
Hotel City Palazzo Dei Cardinali,Barcelona,3,RO_0015_014,180,Double,"Spagna, Rome - 0.9 km - Metro access -",8.2
Hotel City Palazzo Dei Cardinali,Barcelona,3,RO_0015_015,122,Single,"Spagna, Rome - 0.9 km - Metro access -",8.2
Hotel City Palazzo Dei Cardinali,Barcelona,3,RO_0015_016,122,Single,"Spagna, Rome - 0.9 km - Metro access -",8.2
Hotel City Palazzo Dei Cardinali,Barcelona,3,RO_0015_017,122,Single,"Spagna, Rome - 0.9 km - Metro access -",8.2
Hotel City Palazzo Dei Cardinali,Barcelona,3,RO_0015_018,122,Single,"Spagna, Rome - 0.9 km - Metro access -",8.2
Hotel City Palazzo Dei Cardinali,Barcelona,3,RO_0015_019,122,Single,"Spagna, Rome - 0.9 km - Metro access -",8.2
Hotel City Palazzo Dei Cardinali,Barcelona,3,RO_0015_020,122,Single,"Spagna, Rome - 0.9 km - Metro access -",8.2
Hotel City Palazzo Dei Cardinali,Barcelona,3,RO_0015_021,122,Single,"Spagna, Rome - 0.9 km - Metro access -",8.2
Hotel City Palazzo Dei Cardinali,Barcelona,3,RO_0015_022,122,Single,"Spagna, Rome - 0.9 km - Metro access -",8.2
Hotel City Palazzo Dei Cardinali,Barcelona,3,RO_0015_023,122,Single,"Spagna, Rome - 0.9 km - Metro access -",8.2
Hotel City Palazzo Dei Cardinali,Barcelona,3,RO_0015_024,122,Single,"Spagna, Rome - 0.9 km - Metro access -",8.2
Hotel City Palazzo Dei Cardinali,Barcelona,3,RO_0015_025,122,Single,"Spagna, Rome - 0.9 km - Metro access -",8.2
Hotel City Palazzo Dei Cardinali,Barcelona,3,RO_0015_026,122,Single,"Spagna, Rome - 0.9 km - Metro access -",8.2
Hotel Cristoforo Colombo,Barcelona,4,RO_0016_000,101,Double,"Torrino, Rome - 8.9 km -",8.3
Hotel Cristoforo Colombo,Barcelona,4,RO_0016_001,101,Double,"Torrino, Rome - 8.9 km -",8.3
Hotel Cristoforo Colombo,Barcelona,4,RO_0016_002,101,Double,"Torrino, Rome - 8.9 km -",8.3
Hotel Cristoforo Colombo,Barcelona,4,RO_0016_003,101,Double,"Torrino, Rome - 8.9 km -",8.3
Hotel Cristoforo Colombo,Barcelona,4,RO_0016_004,101,Double,"Torrino, Rome - 8.9 km -",8.3
Hotel Cristoforo Colombo,Barcelona,4,RO_0016_005,101,Double,"Torrino, Rome - 8.9 km -",8.3
Hotel Cristoforo Colombo,Barcelona,4,RO_0016_006,101,Double,"Torrino, Rome - 8.9 km -",8.3
Hotel Cristoforo Colombo,Barcelona,4,RO_0016_007,101,Double,"Torrino, Rome - 8.9 km -",8.3
Hotel Cristoforo Colombo,Barcelona,4,RO_0016_008,101,Double,"Torrino, Rome - 8.9 km -",8.3
Hotel Cristoforo Colombo,Barcelona,4,RO_0016_009,101,Double,"Torrino, Rome - 8.9 km -",8.3
Hotel Cristoforo Colombo,Barcelona,4,RO_0016_010,101,Double,"Torrino, Rome - 8.9 km -",8.3
Hotel Cristoforo Colombo,Barcelona,4,RO_0016_011,101,Double,"Torrino, Rome - 8.9 km -",8.3
Hotel Cristoforo Colombo,Barcelona,4,RO_0016_012,91,Single,"Torrino, Rome - 8.9 km -",8.3
Hotel Cristoforo Colombo,Barcelona,4,RO_0016_013,91,Single,"Torrino, Rome - 8.9 km -",8.3
Hotel Cristoforo Colombo,Barcelona,4,RO_0016_014,91,Single,"Torrino, Rome - 8.9 km -",8.3
Hotel Cristoforo Colombo,Barcelona,4,RO_0016_015,91,Single,"Torrino, Rome - 8.9 km -",8.3
Hotel Cristoforo Colombo,Barcelona,4,RO_0016_016,91,Single,"Torrino, Rome - 8.9 km -",8.3
Hotel Cristoforo Colombo,Barcelona,4,RO_0016_017,91,Single,"Torrino, Rome - 8.9 km -",8.3
Hotel Cristoforo Colombo,Barcelona,4,RO_0016_018,91,Single,"Torrino, Rome - 8.9 km -",8.3
Hotel Cristoforo Colombo,Barcelona,4,RO_0016_019,91,Single,"Torrino, Rome - 8.9 km -",8.3
Hotel Cristoforo Colombo,Barcelona,4,RO_0016_020,91,Single,"Torrino, Rome - 8.9 km -",8.3
Hotel Cristoforo Colombo,Barcelona,4,RO_0016_021,91,Single,"Torrino, Rome - 8.9 km -",8.3
Hotel Cristoforo Colombo,Barcelona,4,RO_0016_022,91,Single,"Torrino, Rome - 8.9 km -",8.3
Hotel Cristoforo Colombo,Barcelona,4,RO_0016_023,91,Single,"Torrino, Rome - 8.9 km -",8.3
Hotel Cristoforo Colombo,Barcelona,4,RO_0016_024,91,Single,"Torrino, Rome - 8.9 km -",8.3
Hotel Cristoforo Colombo,Barcelona,4,RO_0016_025,127,Triple,"Torrino, Rome - 8.9 km -",8.3
Hotel Cristoforo Colombo,Barcelona,4,RO_0016_026,127,Triple,"Torrino, Rome - 8.9 km -",8.3
Hotel Cristoforo Colombo,Barcelona,4,RO_0016_027,127,Triple,"Torrino, Rome - 8.9 km -",8.3
Hotel Cristoforo Colombo,Barcelona,4,RO_0016_028,127,Triple,"Torrino, Rome - 8.9 km -",8.3
Hotel Cristoforo Colombo,Barcelona,4,RO_0016_029,127,Triple,"Torrino, Rome - 8.9 km -",8.3
Hotel Cristoforo Colombo,Barcelona,4,RO_0016_030,127,Triple,"Torrino, Rome - 8.9 km -",8.3
Hotel Cristoforo Colombo,Barcelona,4,RO_0016_031,127,Triple,"Torrino, Rome - 8.9 km -",8.3
Hotel Cristoforo Colombo,Barcelona,4,RO_0016_032,127,Triple,"Torrino, Rome - 8.9 km -",8.3
Hotel Cristoforo Colombo,Barcelona,4,RO_0016_033,127,Triple,"Torrino, Rome - 8.9 km -",8.3
Hotel Cristoforo Colombo,Barcelona,4,RO_0016_034,127,Triple,"Torrino, Rome - 8.9 km -",8.3
Hotel Cristoforo Colombo,Barcelona,4,RO_0016_035,127,Triple,"Torrino, Rome - 8.9 km -",8.3
Hotel Cristoforo Colombo,Barcelona,4,RO_0016_036,127,Triple,"Torrino, Rome - 8.9 km -",8.3
Hotel Cristoforo Colombo,Barcelona,4,RO_0016_037,127,Triple,"Torrino, Rome - 8.9 km -",8.3
Hotel Cristoforo Colombo,Barcelona,4,RO_0016_038,127,Triple,"Torrino, Rome - 8.9 km -",8.3
